City_ID,City,Lat,Lng,Max Temp,Humidity,Cloudiness,Wind Speed,Country,Date
0,wailua homesteads,22.0669,-159.378,296.59,92,100,8.75,US,1731303194
1,port-aux-francais,-49.35,70.2167,278.21,87,74,8.54,TF,1731303304
2,grytviken,-54.2811,-36.5092,271.89,88,100,1.07,GS,1731303305
3,gadzhiyevo,69.2551,33.3362,276.48,73,100,7.39,RU,1731303306
4,edinburgh of the seven seas,-37.0676,-12.3116,289.33,90,93,16.46,SH,1731303307
5,klyuchi,52.2667,79.1667,272.39,98,100,3.59,RU,1731303308
6,taroudant,30.4703,-8.877,291.09,46,8,1.0,MA,1731303309
7,puerto natales,-51.7236,-72.4875,278.51,88,96,3.1,CL,1731303310
8,waitangi,-43.9535,-176.5597,286.38,91,77,7.15,NZ,1731303312
9,kununurra,-15.7667,128.7333,314.14,26,20,5.66,AU,1731303313
10,nar'yan-mar,67.6713,53.087,261.06,90,63,2.15,RU,1731303314
11,mejit,10.2753,170.8646,301.27,79,25,7.93,MH,1731303315
12,tazovsky,67.4667,78.7,254.69,93,99,6.57,RU,1731303317
13,muroto-misakicho,33.2833,134.15,294.57,69,6,2.81,JP,1731303318
14,westport,41.1415,-73.3579,288.05,90,100,6.69,US,1731303319
15,punta arenas,-53.15,-70.9167,276.21,87,20,3.09,CL,1731303070
16,paso de los toros,-32.8167,-56.5167,290.63,77,79,4.07,UY,1731303321
17,tangalle,6.024,80.7911,302.67,68,66,3.16,LK,1731303323
18,coxim,-18.5067,-54.76,298.54,59,37,0.93,BR,1731303324
19,toliara,-23.35,43.6667,302.42,54,52,2.59,MG,1731303325
20,sitangkai,4.6628,119.3928,301.37,75,100,0.59,PH,1731303326
21,thompson,55.7435,-97.8558,271.24,86,75,2.57,CA,1731303327
22,bredasdorp,-34.5322,20.0403,290.76,70,22,4.32,ZA,1731303253
23,myeik,12.4333,98.6,302.99,61,68,2.38,MM,1731303329
24,atafu village,-8.5421,-172.5159,301.48,72,25,4.22,TK,1731303330
25,enewetak,11.3474,162.3373,301.11,80,48,8.86,MH,1731303331
26,ribeira grande,38.5167,-28.7,294.14,92,42,8.94,PT,1731303332
27,vadso,70.0744,29.7487,279.24,81,75,5.66,NO,1731303333
28,bubaque,11.2833,-15.8333,301.84,53,0,2.71,GW,1731303334
29,brisas de zicatela,15.8369,-97.0419,299.34,84,36,2.17,MX,1731303336
30,colonia,50.9333,6.95,282.11,89,100,1.54,DE,1731303158
31,invercargill,-46.4,168.35,286.49,66,19,4.92,NZ,1731303338
32,albany,42.6001,-73.9662,281.84,76,100,0.45,US,1731302568
33,richards bay,-28.783,32.0377,294.04,90,100,3.08,ZA,1731303340
34,whitehorse,60.7161,-135.0538,270.58,100,100,2.06,CA,1731303132
35,bilibino,68.0546,166.4372,248.08,100,87,1.52,RU,1731303342
36,hermanus,-34.4187,19.2345,291.37,76,6,5.24,ZA,1731303343
37,guanica,17.9716,-66.908,298.14,79,100,2.49,PR,1731303344
38,ajdabiya,30.7554,20.2263,291.12,54,100,4.37,LY,1731303345
39,lashio,22.9333,97.75,299.42,56,47,1.25,MM,1731303347
40,rio grande,-32.035,-52.0986,292.19,90,3,4.42,BR,1731303348
41,tiksi,71.6872,128.8694,256.73,97,97,0.84,RU,1731303349
42,akureyri,65.6835,-18.0878,281.11,49,100,6.69,IS,1731303350
43,hammerfest,70.6634,23.6821,280.4,87,75,6.17,NO,1731303351
44,yellowknife,62.456,-114.3525,259.44,96,75,4.12,CA,1731303352
45,salalah,17.0151,54.0924,302.2,28,0,2.06,OM,1731303353
46,east london,-33.0153,27.9116,289.67,94,100,2.57,ZA,1731303354
47,asyqata,40.8994,68.3611,284.39,57,2,0.5,KZ,1731303355
48,taltal,-25.4,-70.4833,289.21,86,54,1.61,CL,1731303356
49,onverwacht,5.5833,-55.1833,296.21,99,80,0.87,SR,1731303357
50,ancud,-41.8697,-73.8203,280.38,80,7,1.9,CL,1731303083
51,stjordalshalsen,63.4681,10.9262,274.15,100,75,1.54,NO,1731303360
52,diu,20.7141,70.9822,304.5,38,0,5.06,IN,1731303361
53,yuriria,20.2,-101.15,288.86,70,46,1.57,MX,1731303362
54,winnemucca,40.973,-117.7357,277.18,45,0,1.54,US,1731303165
55,chubek,37.6137,69.7061,285.92,67,85,1.21,TJ,1731303364
56,arraial do cabo,-22.9661,-42.0278,294.76,68,2,1.39,BR,1731303365
57,ilulissat,69.2167,-51.1,268.16,63,75,4.63,GL,1731303366
58,carnarvon,-24.8667,113.6333,298.27,55,60,9.41,AU,1731303367
59,manacapuru,-3.2997,-60.6206,297.42,90,54,2.35,BR,1731303368
60,papatowai,-46.5619,169.4708,285.74,54,39,4.58,NZ,1731303369
61,xilin hot,43.9667,116.0333,280.43,28,18,8.14,CN,1731303370
62,cativa,9.3606,-79.8436,298.75,86,99,1.79,PA,1731303371
63,codrington,-38.2667,141.9667,289.5,70,75,8.02,AU,1731303373
64,puerto ayora,-0.7393,-90.3518,294.57,87,94,1.79,EC,1731303374
65,eregli,37.5133,34.0467,282.62,70,64,0.55,TR,1731303375
66,amboasary,-25.0333,46.3833,306.03,44,36,1.18,MG,1731303376
67,kodiak,57.79,-152.4072,276.88,75,0,4.12,US,1731303377
68,al bayda',32.7627,21.7551,286.9,73,100,3.29,LY,1731303254
69,macapa,0.0389,-51.0664,300.14,89,0,2.57,BR,1731303379
70,constantia,44.1833,28.65,277.53,77,100,8.71,RO,1731303343
71,cabo san lucas,22.8909,-109.9124,296.9,73,7,0.45,MX,1731303306
72,zhanaozen,43.3,52.8,283.07,67,27,1.77,KZ,1731303382
73,queenstown,-31.8976,26.8753,285.4,90,100,3.31,ZA,1731303383
74,hawaiian paradise park,19.5933,-154.9731,295.31,95,67,0.45,US,1731303384
75,minas de marcona,-15.2119,-75.1103,286.02,89,72,4.01,PE,1731303386
76,jinchang,38.4953,102.1739,283.65,35,44,4.58,CN,1731303387
77,blackmans bay,-43.0167,147.3167,289.55,58,3,0.89,AU,1731303389
78,lihue,21.9789,-159.3672,296.92,93,100,8.75,US,1731303390
79,hamilton,39.1834,-84.5333,288.11,80,20,6.69,US,1731303391
80,longyearbyen,78.2186,15.6401,270.06,100,100,4.12,SJ,1731303392
81,adamstown,-25.066,-130.1015,294.72,74,100,4.01,PN,1731303393
82,keflavik,64.0049,-22.5624,280.39,87,100,6.17,IS,1731303394
83,yeed,4.55,43.0333,301.21,57,99,2.24,SO,1731303395
84,hiratacho,35.4333,132.8167,293.13,60,20,4.12,JP,1731303397
85,ulety,51.3572,112.4849,270.93,57,73,3.85,RU,1731303398
86,nova sintra,14.8667,-24.7167,299.98,71,2,7.22,CV,1731303399
87,pangobilian,8.8011,117.8594,302.24,76,100,1.57,PH,1731303400
88,hobyo,5.3505,48.5268,299.29,73,100,6.37,SO,1731303401
89,ngaoundere,7.3167,13.5833,292.1,48,29,1.19,CM,1731303402
90,mil'kovo,55.6078,37.7956,274.45,52,93,2.32,RU,1731303403
91,pervomayskoye,43.919,46.7102,281.82,76,100,2.35,RU,1731303404
92,afaahiti,-17.75,-149.2833,297.08,89,92,8.68,PF,1731303405
93,ocara,-4.4908,-38.5967,295.17,90,60,1.28,BR,1731303407
94,olonkinbyen,70.9221,-8.7187,273.88,98,100,6.55,SJ,1731303409
95,wotho,10.1657,166.0102,301.59,78,37,8.12,MH,1731303410
96,bethel,41.3712,-73.414,286.77,89,100,1.79,US,1731303411
97,dudinka,69.4058,86.1778,247.83,97,63,3.6,RU,1731303412
98,sos'va,59.1766,61.8558,266.67,75,9,3.43,RU,1731303413
99,chinde,26.8212,87.7095,299.23,49,0,2.44,NP,1731303414
100,iqaluit,63.7506,-68.5145,270.0,68,75,5.14,CA,1731303176
101,slave lake,55.2834,-114.769,273.14,93,100,6.17,CA,1731303353
102,cody,44.5263,-109.0565,281.04,58,75,0.89,US,1731303417
103,magadan,59.5667,150.8,265.89,80,100,9.55,RU,1731303418
104,tralee,52.2704,-9.7026,280.08,87,31,1.72,IE,1731303419
105,ilhabela,-23.7781,-45.3581,291.84,87,11,1.93,BR,1731303420
106,jamestown,42.097,-79.2353,286.95,90,100,5.81,US,1731303419
107,alice springs,-23.7,133.8833,306.9,29,61,5.66,AU,1731303423
108,port moresby,-9.4431,147.1797,301.83,74,75,5.14,PG,1731303424
109,chonchi,-42.6128,-73.8092,278.22,93,34,1.0,CL,1731303425
110,aykhal,66.0,111.5,258.27,94,100,3.06,RU,1731303426
111,minas de matahambre,22.5887,-83.9447,294.92,90,17,1.45,CU,1731303427
112,isangel,-19.55,169.2667,301.21,69,40,2.57,VU,1731303428
113,iskateley,67.6803,53.1512,260.66,91,63,2.02,RU,1731303429
114,cottbus,51.7667,14.3333,275.71,71,42,1.75,DE,1731303430
115,san patricio,28.017,-97.5169,295.12,78,13,2.97,US,1731303431
116,illizi,26.4833,8.4667,291.86,31,98,1.8,DZ,1731303432
117,qaqortoq,60.7167,-46.0333,271.1,95,100,0.36,GL,1731303433
118,bodaybo,57.8506,114.1933,264.59,79,99,0.38,RU,1731303173
119,gamba,-2.65,10.0,297.68,89,94,1.56,GA,1731303436
120,yemetsk,63.4721,41.7941,273.9,92,98,2.94,RU,1731303437
121,galesong,-5.3166,119.3661,303.96,63,26,4.46,ID,1731303438
122,anadyr,64.75,177.4833,259.82,84,20,4.0,RU,1731303439
123,vilyuysk,63.7553,121.6247,262.41,94,100,2.54,RU,1731303440
124,al bawiti,28.3492,28.8659,291.13,43,13,0.88,EG,1731303441
125,vredendal,-31.6683,18.5012,291.67,70,40,0.48,ZA,1731303442
126,santa lucia,27.9117,-15.5407,291.35,88,0,5.14,ES,1731303443
127,willowmore,-33.2926,23.4895,286.63,62,70,3.35,ZA,1731303215
128,khargone,21.8167,75.6,302.57,33,0,3.09,IN,1731303445
129,kencong,-8.2833,113.3667,303.22,68,22,3.22,ID,1731303446
130,kruisfontein,-34.0033,24.7314,289.92,64,53,2.65,ZA,1731303448
131,la passe,45.5549,-0.8967,285.43,83,96,5.5,FR,1731303449
132,talnakh,69.4865,88.3972,248.62,89,56,0.57,RU,1731303450
133,nueve de julio,-35.4444,-60.8831,284.8,99,66,2.43,AR,1731303451
134,sabang,5.8933,95.3214,301.18,74,74,0.79,ID,1731303452
135,palmer,42.1584,-72.3287,283.46,80,100,3.6,US,1731303453
136,isafjordur,66.0755,-23.124,276.31,81,75,6.78,IS,1731303454
137,owase,34.0667,136.2,294.16,62,49,0.58,JP,1731303455
138,guymon,36.6828,-101.4816,278.15,81,0,1.54,US,1731303456
139,khilok,51.3674,110.4676,269.35,64,72,2.79,RU,1731303457
140,yuzhno-kurilsk,44.0306,145.8556,280.26,65,43,10.2,RU,1731303459
141,maksi,23.2667,76.15,301.69,31,0,2.27,IN,1731303460
142,aasiaat,68.7098,-52.8699,265.03,95,100,5.3,GL,1731303461
143,tura,25.5198,90.2201,300.87,51,0,1.61,IN,1731303463
144,jimani,18.4917,-71.8502,297.35,92,99,2.62,DO,1731303464
145,kristiansund,63.1115,7.732,281.0,75,75,3.09,NO,1731303465
146,hadibu,12.65,54.0333,300.32,73,32,5.17,YE,1731303466
147,great bend,38.3645,-98.7648,280.95,86,0,1.54,US,1731303467
148,geraldton,-28.7667,114.6,298.38,53,0,7.2,AU,1731303468
149,edd,13.9297,41.6925,305.24,40,3,4.52,ER,1731303469
150,west island,-12.1568,96.8225,302.14,74,40,7.72,CC,1731303471
151,petropavlovsk-kamchatsky,53.0452,158.6483,270.48,93,100,3.0,RU,1731303472
152,kavaratti,10.5669,72.642,301.46,71,33,3.53,IN,1731303517
153,port saint john's,-31.6229,29.5448,290.72,92,100,2.63,ZA,1731303518
154,port elizabeth,-33.918,25.5701,291.1,85,75,4.63,ZA,1731303519
155,butte,39.6499,-121.5677,286.64,45,0,3.6,US,1731303520
156,bridgewater,44.3835,-64.5155,279.64,88,93,2.57,CA,1731303013
157,veraval,20.9,70.3667,304.45,38,0,2.53,IN,1731303523
158,hithadhoo,-0.6,73.0833,301.56,70,100,5.11,MV,1731303524
159,sona,45.4388,10.8255,275.66,93,0,1.03,IT,1731303526
160,tsiombe,-25.3,45.4833,306.14,41,52,1.39,MG,1731303527
161,les cayes,18.2,-73.75,298.79,89,78,0.37,HT,1731303528
162,villa gesell,-37.2639,-56.973,286.0,89,92,4.3,AR,1731303529
163,french rocks,12.5006,76.6733,300.3,54,14,3.67,IN,1731303530
164,tidjikja,18.5564,-11.4271,293.77,17,48,5.11,MR,1731303531
165,pisco,-13.7,-76.2167,292.18,77,0,3.6,PE,1731303532
166,rosso,16.4986,-15.8153,297.75,16,35,4.66,SN,1731303533
167,ponta delgada,37.7333,-25.6667,293.55,94,75,5.66,PT,1731303534
168,kalevala,65.2,31.1667,271.4,84,97,2.54,RU,1731303535
169,sola,-13.8833,167.55,300.16,72,100,8.05,VU,1731303536
170,acapulco de juarez,16.8634,-99.8901,301.05,89,40,0.0,MX,1731303471
171,rochester,43.1548,-77.6156,286.01,89,40,6.17,US,1731303383
172,gisborne,-38.6533,178.0042,289.64,70,99,3.56,NZ,1731303540
173,dingli,35.8614,14.3822,291.24,72,20,4.63,MT,1731303541
174,vorgashor,67.5833,63.95,255.21,100,92,2.39,RU,1731303544
175,badger,64.8,-147.5333,255.08,82,0,0.0,US,1731303545
176,avarua,-21.2078,-159.775,296.18,73,40,4.63,CK,1731303546
177,ushuaia,-54.8,-68.3,277.96,81,75,3.09,AR,1731303438
178,port mathurin,-19.6833,63.4167,297.42,73,58,8.86,MU,1731303548
179,vila velha,-20.3297,-40.2925,296.12,79,75,2.24,BR,1731303549
180,egilsstadir,65.2653,-14.3948,280.1,53,0,8.75,IS,1731303550
181,porto belo,-27.1578,-48.5531,295.42,79,83,4.51,BR,1731303551
182,constitucion,-35.3333,-72.4167,282.59,73,0,2.87,CL,1731303552
183,aberdeen,57.1437,-2.0981,280.67,81,41,4.12,GB,1731303431
184,puerto baquerizo moreno,-0.9,-89.6,293.74,75,94,2.96,EC,1731303555
185,weno,7.4515,151.8468,305.12,79,20,3.09,FM,1731303556
186,arteche,12.2645,125.4048,303.47,69,55,4.97,PH,1731303557
187,murashi,59.3999,48.9615,270.0,94,65,1.53,RU,1731303558
188,mangrol,21.1167,70.1167,303.84,41,1,1.51,IN,1731303559
189,viseu,40.661,-7.9097,284.18,94,16,2.88,PT,1731303560
190,puerto la cruz,10.2167,-64.6167,299.49,84,14,2.76,VE,1731303561
191,harper,4.375,-7.7169,298.35,87,10,2.92,LR,1731303562
192,plettenberg bay,-34.0527,23.3716,290.4,66,70,1.8,ZA,1731303563
193,sorochinsk,52.4338,53.1583,270.28,73,7,1.59,RU,1731303564
194,sinop,41.7711,34.8709,281.71,86,96,0.76,TR,1731303566
195,betong,5.7743,101.0723,301.7,75,97,1.07,TH,1731303567
196,utrik,11.2278,169.8474,301.5,78,10,8.84,MH,1731303568
197,mondim de basto,41.4135,-7.9548,286.15,96,13,2.42,PT,1731303569
198,namdrik,5.5994,168.1028,301.26,79,100,4.85,MH,1731303570
199,stanley,54.868,-1.6985,278.44,88,68,1.54,GB,1731303571
200,port alfred,-33.5906,26.891,289.36,96,100,3.7,ZA,1731303572
201,terenozek,45.05,64.9833,281.94,62,83,8.72,KZ,1731303573
202,sibu,2.3,111.8167,305.32,62,40,1.54,MY,1731303574
203,road town,18.4167,-64.6167,299.95,82,100,8.81,VG,1731303349
204,saint-pierre,-21.3393,55.4781,301.97,58,0,2.57,RE,1731303576
205,palikir - national government center,6.9248,158.1611,298.56,94,100,0.0,FM,1731303577
206,plymouth,41.8334,-70.8328,288.64,90,100,3.09,US,1731303579
207,ankang,32.68,109.0172,290.78,63,99,0.41,CN,1731303580
208,broome,42.2506,-75.833,281.87,95,100,4.63,US,1731303581
209,qom,34.6401,50.8764,289.63,28,15,2.02,IR,1731303582
210,imbituba,-28.24,-48.6703,290.25,89,15,5.55,BR,1731303583
211,conde,-7.2597,-34.9075,297.85,78,20,3.09,BR,1731303584
212,bizerte,37.2744,9.8739,289.15,100,75,2.57,TN,1731303586
213,nemuro,43.3236,145.575,281.97,67,100,8.57,JP,1731303587
214,ta`u,-14.2336,-169.5144,300.33,84,90,7.23,AS,1731303590
215,atbasar,51.8,68.3333,265.45,91,97,3.72,KZ,1731303591
216,walvis bay,-22.9575,14.5053,287.68,94,100,3.6,NA,1731303592
217,puerto cabezas,14.0351,-83.3888,296.82,95,81,2.15,NI,1731303593
218,svetlyy,54.675,20.1347,274.88,76,83,3.46,RU,1731303594
219,greymouth,-42.4667,171.2,285.96,66,38,4.07,NZ,1731303595
220,kiunga,-6.1219,141.2906,304.15,63,79,1.0,PG,1731303596
221,cidreira,-30.1811,-50.2056,292.27,86,0,7.3,BR,1731303597
222,uturoa,-16.7333,-151.4333,299.8,84,42,8.28,PF,1731303598
223,porto sant'elpidio,43.2583,13.7583,284.4,81,3,3.97,IT,1731303599
224,yarmouth,41.7057,-70.2286,288.13,88,100,4.63,US,1731303600
225,labytnangi,66.6572,66.4183,253.49,92,37,2.1,RU,1731303601
226,sari,36.5633,53.0601,284.92,94,0,2.06,IR,1731303603
227,luckenwalde,52.0833,13.1667,276.43,99,83,0.89,DE,1731303604
228,zakynthos,37.7914,20.8953,286.82,87,100,7.23,GR,1731303402
229,udachny,66.4167,112.4,260.19,94,100,1.78,RU,1731303606
230,borogontsy,62.6683,131.1683,256.59,98,99,0.17,RU,1731303607
231,saint-philippe,-21.3585,55.7679,299.04,74,27,5.31,RE,1731303608
232,sao jose da coroa grande,-8.8978,-35.1478,297.25,80,34,4.42,BR,1731303609
233,carutapera,-1.195,-46.02,298.53,84,80,3.24,BR,1731303610
234,rice lake,45.5061,-91.7382,282.97,83,100,5.14,US,1731303592
235,kargasok,59.0556,80.8572,264.98,79,100,6.03,RU,1731303613
236,qulsary,46.9531,54.0198,277.66,73,45,2.69,KZ,1731303614
237,zhob,31.3411,69.4481,292.39,19,0,2.68,PK,1731303615
238,thunder bay,48.4001,-89.3168,280.14,100,100,1.03,CA,1731303616
239,kolonia,50.9333,6.95,282.01,89,100,1.03,DE,1731303536
240,tapalpa,19.95,-103.7667,287.54,92,21,0.05,MX,1731303618
241,igarka,67.4667,86.5833,258.17,90,97,4.35,RU,1731303619
242,popondetta,-8.7537,148.2534,304.14,61,100,1.74,PG,1731303620
243,magistral'nyy,56.1725,107.4458,268.25,74,85,3.25,RU,1731303621
244,georgetown,5.4112,100.3354,305.11,74,20,3.6,MY,1731303622
245,manta,-0.95,-80.7333,296.03,83,40,4.82,EC,1731303493
246,bichura,50.5881,107.6022,272.49,54,69,1.62,RU,1731303624
247,sitka,57.0531,-135.33,281.09,66,75,7.72,US,1731303626
248,columbus,39.9612,-82.9988,286.59,81,20,5.14,US,1731303455
249,turan,16.0678,108.2208,303.14,66,40,6.17,VN,1731303628
250,mariinsk,56.2139,87.7472,271.99,93,100,4.55,RU,1731303629
251,balsas,-7.5325,-46.0356,296.84,89,100,1.01,BR,1731303630
252,kittila,67.6647,24.8936,270.16,100,100,2.06,FI,1731303631
253,zaragoza,41.6561,-0.8773,285.4,74,0,4.63,ES,1731303438
254,ketchikan,55.3422,-131.6461,281.12,87,100,4.63,US,1731303633
255,kostomuksha,64.571,30.5767,271.13,79,93,2.74,RU,1731303634
256,linqiong,30.4159,103.4609,289.38,76,100,0.51,CN,1731303635
257,port macquarie,-31.4333,152.9167,295.97,81,88,0.89,AU,1731303638
258,makueni boma,-1.8041,37.6203,294.82,72,70,2.46,KE,1731303639
259,happy valley-goose bay,53.3168,-60.3315,273.32,59,20,3.09,CA,1731303640
260,acarau,-2.8856,-40.12,298.03,82,59,6.09,BR,1731303641
261,zarghun shahr,32.8473,68.4457,283.6,36,0,2.44,AF,1731303642
262,fang,19.9169,99.2145,302.44,58,21,0.94,TH,1731303643
263,soledad,10.9184,-74.7646,297.22,94,40,2.57,CO,1731303644
264,tolanaro,-25.0319,46.9987,303.19,62,0,5.14,MG,1731303645
265,shenjiamen,29.9576,122.298,292.15,82,93,5.56,CN,1731303646
266,mezhdurechenskiy,59.6,65.9333,265.23,72,64,5.89,RU,1731303647
267,lata,40.1629,-8.3327,284.28,96,29,2.19,PT,1731303649
268,vernon,50.2581,-119.2691,280.33,84,100,1.54,CA,1731303527
269,igrim,63.1906,64.4162,261.54,85,47,3.86,RU,1731303651
270,omdurman,15.6445,32.4777,300.47,30,76,8.06,SD,1731303652
271,dessau,51.8386,12.2456,278.69,89,100,2.1,DE,1731303653
272,mossel bay,-34.1831,22.146,289.11,73,97,2.93,ZA,1731303654
273,fortuna,40.5982,-124.1573,290.57,76,100,7.72,US,1731303481
274,nueva gerona,21.8833,-82.8,298.55,87,23,4.64,CU,1731303656
275,hotan,37.0997,79.9269,286.51,30,60,4.0,CN,1731303657
276,new norfolk,-42.7826,147.0587,290.21,36,1,2.9,AU,1731303658
277,taybad,34.74,60.7756,286.14,39,0,2.31,IR,1731303659
278,luanda,-8.8368,13.2343,298.15,83,75,2.06,AO,1731303660
279,glenrothes,56.1951,-3.1732,279.57,90,82,0.89,GB,1731303662
280,college,64.8569,-147.8028,255.12,79,20,0.0,US,1731303663
281,dalbandin,28.8947,64.4101,294.66,25,59,4.65,PK,1731303664
282,ivanava,52.1451,25.5365,273.59,82,17,1.6,BY,1731303665
283,aswan,24.0934,32.907,288.76,55,0,2.57,EG,1731303666
284,saipan,15.1355,145.701,304.54,81,40,5.14,MP,1731303667
285,tondano,1.3038,124.9112,294.2,78,91,1.04,ID,1731303668
286,rongelap,11.1635,166.8941,301.39,77,2,8.38,MH,1731303669
287,scottburgh,-30.2867,30.7532,292.25,92,100,2.84,ZA,1731303670
288,newman,37.3138,-121.0208,283.74,35,23,2.42,US,1731303671
289,flying fish cove,-10.4217,105.6791,300.97,83,100,4.63,CX,1731303674
290,majene,-3.5403,118.9707,302.04,72,48,2.2,ID,1731303675
291,athens,37.9795,23.7162,286.29,74,80,2.24,GR,1731303547
292,la sarre,48.8002,-79.1996,274.07,99,100,2.05,CA,1731303677
293,cafayate,-26.073,-65.9761,294.52,76,38,1.64,AR,1731303678
294,guerrero negro,27.9769,-114.0611,290.62,64,100,3.34,MX,1731303679
295,cabinda,-5.55,12.2,299.23,89,100,2.06,AO,1731303680
296,nabinagar,23.8917,90.9733,304.22,48,0,2.44,BD,1731303681
297,suez,29.9737,32.5263,291.68,61,1,1.09,EG,1731303682
298,juneau,58.3019,-134.4197,277.15,95,100,2.06,US,1731303683
299,lycksele,64.5954,18.6735,274.08,93,100,1.54,SE,1731303684
300,rantauprapat,2.1,99.8333,305.3,58,91,0.94,ID,1731303685
301,kenai,60.5544,-151.2583,271.56,86,0,0.0,US,1731303687
302,wangaratta,-36.3667,146.3333,303.41,28,53,2.65,AU,1731303689
303,rifle,39.5347,-107.7831,274.48,80,0,1.54,US,1731303680
304,al jawf,29.5,38.75,290.6,67,0,6.03,SA,1731303691
305,oranjemund,-28.55,16.4333,289.75,77,77,4.07,NA,1731303692
306,chateau-renault,47.5919,0.9114,280.16,93,10,2.78,FR,1731303693
307,tekkali,18.6167,84.2333,303.11,44,18,4.87,IN,1731303695
308,bel ombre,-4.6167,55.4167,303.06,70,40,3.6,SC,1731303696
309,orshanka,56.9161,47.8933,272.56,87,91,3.8,RU,1731303698
310,saint joseph,39.7686,-94.8466,279.94,93,0,2.06,US,1731303699
311,ugoofaaru,5.6667,73.0,301.53,71,14,3.63,MV,1731303700
312,sawara,35.8833,140.5,294.38,82,75,4.12,JP,1731303701
313,sihanoukville,10.6093,103.5296,303.12,74,40,3.6,KH,1731303702
314,beyneu,45.3167,55.2,278.53,82,40,1.11,KZ,1731303703
315,vilyuchinsk,52.9306,158.4028,271.3,95,100,1.7,RU,1731303705
316,lazaro cardenas,17.9583,-102.2,298.46,88,13,1.99,MX,1731303706
317,nadi,-17.8,177.4167,298.15,78,75,4.63,FJ,1731303707
318,susuman,62.7833,148.1667,247.1,93,100,1.57,RU,1731303708
319,margaret river,-33.95,115.0667,290.55,62,16,5.93,AU,1731303709
320,christchurch,-43.5333,172.6333,286.45,55,100,5.66,NZ,1731303710
321,malvik,63.4333,10.6833,273.99,100,75,1.54,NO,1731303711
322,ha'il,27.5219,41.6907,293.16,49,0,3.09,SA,1731303712
323,holualoa,19.6228,-155.9522,295.28,88,24,1.54,US,1731303713
324,togur,58.3631,82.8265,264.26,85,100,4.95,RU,1731303715
325,karratha,-20.7377,116.8463,307.61,30,34,8.1,AU,1731303716
326,puerto santa,-8.9906,-78.6456,290.47,90,60,3.62,PE,1731303717
327,cromer,52.9312,1.2989,282.98,85,73,9.33,GB,1731303718
328,lerwick,60.1545,-1.1494,282.7,85,20,8.78,GB,1731303719
329,mount isa,-20.7333,139.5,312.02,16,99,4.63,AU,1731303720
330,kapuskasing,49.4169,-82.4331,277.2,100,100,0.51,CA,1731303481
331,gudauta,43.1055,40.6207,287.64,47,100,1.62,GE,1731303722
332,nagqu,31.5,92.0,280.59,11,1,11.03,CN,1731303723
333,llandrindod wells,52.2416,-3.3787,280.72,92,100,1.75,GB,1731303724
334,labuan bajo,-8.4964,119.8877,302.88,67,29,2.19,ID,1731303725
335,baiti,13.745,-14.7482,297.23,25,0,3.37,SN,1731303726
336,pitimbu,-7.4706,-34.8086,298.59,78,71,4.62,BR,1731303728
337,golyshmanovo,56.3979,68.3728,266.15,88,100,6.27,RU,1731303729
338,lebu,-37.6167,-73.65,284.15,88,45,2.07,CL,1731303730
339,pudozh,61.8099,36.5345,272.25,93,75,1.47,RU,1731303731
340,qusmuryn,52.4503,64.6311,266.77,87,31,5.31,KZ,1731303732
341,barra de santo antonio,-9.4047,-35.5072,296.91,83,23,5.02,BR,1731303733
342,kurumkan,54.3,110.3,265.8,73,19,0.6,RU,1731303734
343,san juan,-31.5375,-68.5364,290.47,54,9,6.14,AR,1731303530
344,veydelevka,50.1521,38.4492,276.07,69,67,2.46,RU,1731303736
345,smithers,54.7804,-127.1743,274.33,80,100,1.03,CA,1731303737
346,mount gambier,-37.8333,140.7667,289.98,66,96,4.89,AU,1731303738
347,tshabong,-26.05,22.45,295.61,20,10,4.23,BW,1731303739
348,tazacorte,28.629,-17.9293,298.79,30,0,4.02,ES,1731303741
349,mirnyy,62.5353,113.9611,261.44,95,92,2.41,RU,1731303742
350,yanta,36.2411,115.6672,293.51,52,100,2.93,CN,1731303743
351,vianopolis,-16.7419,-48.5164,292.7,89,4,0.99,BR,1731303744
352,noumea,-22.2763,166.4572,298.06,73,7,9.21,NC,1731303745
353,mogok,22.9167,96.5,295.82,61,70,1.31,MM,1731303746
354,labrador city,52.9463,-66.9114,271.1,64,100,1.54,CA,1731303747
355,sursk,53.0754,45.6846,275.55,70,100,2.18,RU,1731303748
356,maraba,-5.3686,-49.1178,301.25,78,100,1.03,BR,1731303750
357,jackson,42.4165,-122.8345,283.08,85,75,0.89,US,1731303636
358,severo-yeniseyskiy,60.3725,93.0408,270.38,89,100,5.18,RU,1731303752
359,sangmelima,2.9333,11.9833,293.18,97,99,1.2,CM,1731303753
360,ostersund,63.1792,14.6357,272.93,93,100,2.06,SE,1731303754
361,jayapura,-2.5333,140.7,302.81,76,100,2.72,ID,1731303755
362,nkongsamba,4.9547,9.9404,291.87,86,14,1.22,CM,1731303756
363,mar del plata,-38.0023,-57.5575,286.53,94,0,2.24,AR,1731303696
364,manokwari,-0.8667,134.0833,301.35,75,99,1.26,ID,1731303758
365,rwamagana,-1.9487,30.4347,291.33,80,99,0.7,RW,1731303759
366,emerald,-23.5333,148.1667,308.9,30,28,5.81,AU,1731303760
367,bisbee,31.4482,-109.9284,283.32,42,100,0.45,US,1731303763
368,lawas,13.764,121.0566,302.04,80,100,5.2,PH,1731303764
369,fort st. john,56.2499,-120.8529,270.09,80,75,5.14,CA,1731303765
370,naze,28.3667,129.4833,298.66,84,45,3.59,JP,1731303766
371,thanh hoa,19.8,105.7667,302.9,50,75,0.96,VN,1731303768
372,kapa'a,22.0752,-159.319,297.33,93,100,8.75,US,1731303769
373,blackfoot,43.1905,-112.345,278.06,48,91,1.85,US,1731303770
374,shevchenko,48.5,35.0,279.82,68,72,2.65,UA,1731303771
375,elmali,36.7358,29.9177,282.38,80,37,0.13,TR,1731303772
376,sonoita,31.85,-112.8333,288.35,25,43,0.46,MX,1731303774
377,onega,63.9061,38.1404,273.9,80,98,4.43,RU,1731303678
378,barczewo,53.8306,20.6911,272.74,77,76,2.65,PL,1731303776
379,touros,-5.1989,-35.4608,298.6,69,100,5.68,BR,1731303777
380,fort bragg,35.139,-79.006,291.06,94,100,1.54,US,1731303778
381,st. john's,47.5649,-52.7093,276.47,81,75,7.2,CA,1731303779
382,lepsy,46.235,78.9456,279.88,58,65,10.65,KZ,1731303780
383,nema,57.5067,50.5011,271.82,93,97,3.05,RU,1731303781
384,macau,22.2006,113.5461,303.55,78,40,5.14,MO,1731303499
385,sovetskaya gavan',48.9723,140.2878,273.74,57,19,6.84,RU,1731303783
386,torres,-29.3353,-49.7269,289.94,92,0,3.48,BR,1731303784
387,gurlan,41.8447,60.3919,284.53,47,2,3.03,UZ,1731303785
388,ash shafa,21.0694,40.3119,289.78,29,75,0.84,SA,1731303787
389,fale old settlement,-9.3852,-171.2468,301.47,76,46,6.25,TK,1731303788
390,port lincoln,-34.7333,135.8667,293.88,63,69,7.29,AU,1731303791
391,valparaiso,-33.0393,-71.6273,288.95,51,0,4.63,CL,1731303650
392,kone,-21.0595,164.8658,299.23,64,55,1.8,NC,1731303793
393,gympie,-26.1898,152.665,303.82,43,91,3.9,AU,1731303794
394,beloyarskiy,63.7119,66.6722,261.23,83,95,5.21,RU,1731303795
395,remire-montjoly,4.9167,-52.2667,297.17,100,75,0.51,GF,1731303796
396,mermoz boabab,14.7065,-17.4758,298.03,83,0,4.12,SN,1731303797
397,san sebastian de la gomera,28.0916,-17.1133,301.35,18,0,0.0,ES,1731303798
398,den burg,53.0542,4.7972,285.14,76,71,4.63,NL,1731303800
399,port hedland,-20.3167,118.5667,311.18,34,18,9.26,AU,1731303801
400,vallenar,-28.5708,-70.7581,292.52,52,53,0.41,CL,1731303802
401,sao felix do xingu,-6.6447,-51.995,298.46,66,98,0.97,BR,1731303803
402,tongren,27.7172,109.1853,295.56,45,90,2.09,CN,1731303804
403,marsabit,2.3284,37.9899,293.57,74,75,6.64,KE,1731303805
404,callao,-12.0667,-77.15,292.99,77,0,4.63,PE,1731303698
405,ekibastuz,51.6667,75.3667,270.7,89,100,4.59,KZ,1731303807
406,jiagedaqi,50.4167,124.1167,268.91,92,100,2.84,CN,1731303808
407,sao tome,0.3365,6.7273,299.05,82,84,2.23,ST,1731303809
408,ngama,11.7833,17.1667,296.84,28,48,3.95,TD,1731303813
409,kembe,4.6228,21.8865,294.42,96,99,0.41,CF,1731303814
410,crane,31.3974,-102.3501,288.19,35,26,3.27,US,1731303815
411,tomatlan,19.9333,-105.25,295.24,97,1,0.99,MX,1731303816
412,bikenibeu village,1.3673,173.1241,303.13,74,20,4.12,KI,1731303817
413,konarka,19.9,86.1167,300.49,64,59,6.95,IN,1731303818
414,tome,-36.6167,-72.95,282.49,90,1,2.27,CL,1731303819
415,vaggeryd,57.4981,14.1484,277.31,96,100,2.36,SE,1731303820
416,bani,18.2833,-70.3333,297.23,87,100,4.34,DO,1731303821
417,genhe,50.7833,121.5167,268.68,87,100,1.74,CN,1731303644
418,daru,-9.0763,143.2092,300.83,77,100,4.27,PG,1731303824
419,song cau,13.45,109.2167,300.95,67,26,3.02,VN,1731303825
420,sarkisla,39.3519,36.4098,280.69,59,100,1.65,TR,1731303826
421,dzhambeyty,50.2536,52.595,275.79,66,99,5.11,KZ,1731303827
422,lagos,6.5833,3.75,296.55,94,29,1.28,NG,1731303582
423,soio,-6.1349,12.3689,298.03,86,100,2.6,AO,1731303829
424,haiku-pauwela,20.9219,-156.3051,296.62,69,20,8.23,US,1731303830
425,talcahuano,-36.7167,-73.1167,282.97,87,40,1.54,CL,1731303831
426,lingig,8.0389,126.4125,302.51,68,49,2.58,PH,1731303832
427,pori,61.4833,21.7833,277.19,93,100,4.12,FI,1731303833
428,mount pleasant,32.7941,-79.8626,295.36,91,100,0.0,US,1731303660
429,east aurora,42.7678,-78.6134,287.84,83,100,3.13,US,1731303835
430,valdivia,-39.8142,-73.2459,281.2,100,23,0.47,CL,1731303837
431,porto novo,6.4965,2.6036,297.75,88,76,1.42,BJ,1731303838
432,karamay,45.6004,84.8661,281.49,43,4,2.36,CN,1731303839
433,zambezi,-13.5432,23.1047,295.97,73,11,3.62,ZM,1731303840
434,dunedin,-45.8742,170.5036,286.93,58,40,2.68,NZ,1731303806
435,presidente medici,-11.1753,-61.9014,295.79,95,100,1.65,BR,1731303842
436,mingora,34.7758,72.3625,293.75,51,67,1.05,PK,1731303843
437,ndele,8.4109,20.6473,297.82,72,100,2.33,CF,1731303845
438,prince rupert,54.3161,-130.3201,281.98,79,75,7.72,CA,1731303780
439,nadym,65.5333,72.5167,260.15,91,100,10.91,RU,1731303847
440,general pico,-35.6566,-63.7568,283.98,55,3,3.69,AR,1731303851
441,kourou,5.1552,-52.6478,297.53,94,100,1.9,GF,1731303852
442,pechora,65.1472,57.2244,261.95,94,76,2.36,RU,1731303853
443,sofifi,0.7349,127.576,302.77,70,86,2.22,ID,1731303854
444,kerikeri,-35.2268,173.9474,288.6,96,100,0.98,NZ,1731303855
445,ranchettes,41.2186,-104.7903,278.31,49,0,4.63,US,1731303856
446,tataouine,32.9297,10.4518,288.73,83,5,0.42,TN,1731303857
447,vaxjo,56.8777,14.8091,278.18,99,75,3.09,SE,1731303860
448,korla,41.7597,86.1469,283.83,44,31,0.68,CN,1731303861
449,warren,39.4334,-84.1666,286.88,82,75,4.63,US,1731303578
450,brookings,44.3114,-96.7984,281.03,94,0,4.63,US,1731303696
451,berber,18.0216,33.983,299.91,38,78,6.9,SD,1731303864
452,tromso,69.6496,18.957,275.16,87,0,0.51,NO,1731303865
453,portales,34.1862,-103.3344,281.7,45,55,2.88,US,1731303866
454,nuuk,64.1835,-51.7216,271.49,86,100,3.09,GL,1731303867
455,shitanjing,39.2342,106.3439,282.15,23,88,2.01,CN,1731303868
456,eyl,7.9803,49.8164,302.45,63,32,8.62,SO,1731303869
457,sarangani,5.4033,125.4636,301.96,71,8,2.5,PH,1731303870
458,saint-paul,-21.0096,55.2707,301.48,89,30,1.54,RE,1731303713
459,puerto del carmen,28.9231,-13.6658,294.88,56,0,6.17,ES,1731303873
460,midvagur,62.0511,-7.1939,281.61,76,75,10.29,FO,1731303874
461,margate,51.3813,1.3862,283.54,82,100,2.24,GB,1731303875
462,obo,5.3998,26.4869,296.14,85,90,1.16,CF,1731303876
463,archangelos,36.2149,28.1149,291.1,75,3,2.4,GR,1731303877
464,tamanrasset,22.785,5.5228,284.1,43,0,2.57,DZ,1731303878
465,ilha solteira,-20.4328,-51.3425,296.28,71,36,2.11,BR,1731303847
466,kill devil hills,36.0307,-75.676,292.58,84,40,2.06,US,1731303880
467,urangan,-25.3,152.9,298.03,75,71,7.77,AU,1731303881
468,luderitz,-26.6481,15.1594,289.71,65,0,7.32,NA,1731303882
469,surgana,20.5667,73.6167,301.04,32,0,2.92,IN,1731303883
470,ust-nera,64.5667,143.2,245.85,100,92,1.28,RU,1731303885
471,eisen,36.8217,128.6308,291.74,51,0,1.32,KR,1731303886
472,cruzilia,-21.8386,-44.8083,286.36,97,7,1.72,BR,1731303887
473,rawson,-43.3002,-65.1023,283.31,87,96,6.69,AR,1731303714
474,lospalos,-8.5186,127.0025,302.08,50,18,4.7,TL,1731303889
475,hami,42.8,93.45,283.74,33,0,0.6,CN,1731303890
476,caleta de carquin,-11.0925,-77.6267,291.05,90,90,3.73,PE,1731303891
477,saldanha,-33.0117,17.9442,289.82,73,6,4.61,ZA,1731303892
478,lucapa,-8.4192,20.7447,292.73,88,100,1.18,AO,1731303893
479,dzilam gonzalez,21.2833,-88.9333,296.45,94,76,0.71,MX,1731303894
480,bodo,67.28,14.405,276.17,81,100,4.63,NO,1731303896
481,anupgarh,29.1911,73.2086,304.83,16,12,4.66,IN,1731303897
482,yopal,5.3378,-72.3959,294.04,90,100,1.28,CO,1731303682
483,sogod,10.3847,124.9814,303.64,73,74,2.03,PH,1731303899
484,curvelo,-18.7564,-44.4308,294.16,87,61,2.16,BR,1731303900
485,art khwajah,37.0857,69.4796,286.41,57,94,0.7,AF,1731303901
486,polyarnyy,69.1989,33.4478,276.23,73,100,6.94,RU,1731303902
487,shizuishan,39.2333,106.7694,285.04,19,93,4.13,CN,1731303903
488,huarmey,-10.0681,-78.1522,291.25,89,78,3.3,PE,1731303904
489,katsuura,35.1333,140.3,293.0,80,88,7.16,JP,1731303905
490,miasskoye,55.2784,61.8905,269.64,84,30,5.66,RU,1731303906
491,coahuayana de hidalgo,18.7,-103.6583,297.95,88,64,1.07,MX,1731303908
492,abadan,30.3392,48.3043,294.12,52,79,2.06,IR,1731303909
493,shingu,33.7333,135.9833,294.66,82,58,1.39,JP,1731303910
494,tome acu,-2.4189,-48.1522,297.75,83,99,1.17,BR,1731303911
495,rancharia,-22.2292,-50.8931,293.13,72,5,3.42,BR,1731303912
496,sinabang,2.4803,96.3801,302.34,71,98,0.47,ID,1731303913
497,gemena,3.25,19.7667,295.29,93,92,0.33,CD,1731303914
498,sao paulo de olivenca,-3.3783,-68.8725,296.77,90,78,0.82,BR,1731303915
499,broken hill,-31.95,141.4333,297.72,36,92,6.41,AU,1731303781
500,umuarama,-23.7664,-53.325,294.39,76,0,3.67,BR,1731303886
501,pagar alam,-4.0167,103.2667,297.81,90,95,0.46,ID,1731303918
502,taoudenni,22.6783,-3.9836,295.1,19,46,3.48,ML,1731303919
503,sandpoint,48.2766,-116.5533,279.66,96,100,0.0,US,1731303921
504,pontal do parana,-25.6533,-48.5128,290.69,93,33,1.46,BR,1731303922
505,necochea,-38.5473,-58.7368,282.62,86,34,2.27,AR,1731303923
506,yavas,54.4159,42.8491,274.91,77,100,1.29,RU,1731303924
507,cole harbour,44.6724,-63.4751,279.1,85,79,1.79,CA,1731303925
508,aur,8.1499,171.1687,301.18,79,2,5.68,MH,1731303926
509,veruela,8.0731,125.9558,304.69,66,48,1.8,PH,1731303927
510,papao,-17.75,-149.55,298.97,93,78,9.74,PF,1731303928
511,mitsamiouli,-11.3847,43.2844,300.96,70,5,4.15,KM,1731303929
512,south hedland,-20.4089,118.5983,310.11,32,15,8.75,AU,1731303930
513,malaut,30.2167,74.4833,304.16,26,4,3.2,IN,1731303932
514,sant lluis,39.8526,4.2594,290.37,72,75,9.26,ES,1731303933
515,rockwood,35.8656,-84.6849,288.58,98,100,3.09,US,1731303934
516,lijiang,26.8688,100.2207,291.02,42,0,2.45,CN,1731303935
517,dryden,49.7833,-92.7503,276.31,87,100,7.2,CA,1731303936
518,puerto san jose,13.9256,-90.8244,297.91,91,95,3.05,GT,1731303937
519,tiruchchendur,8.4833,78.1167,305.31,56,9,6.86,IN,1731303938
520,diamantino,-14.4086,-56.4461,295.12,96,100,4.6,BR,1731303939
521,ullal,12.8,74.85,303.68,54,20,1.54,IN,1731303940
522,at taj,24.2049,23.2857,288.17,44,0,2.98,LY,1731303941
523,yima,34.7381,111.8839,287.77,65,99,2.07,CN,1731303942
524,suntar,62.1444,117.6319,261.7,93,99,2.23,RU,1731303943
525,howard springs,-12.497,131.047,306.97,64,74,5.9,AU,1731303945
526,griffith,41.5284,-87.4237,284.23,78,100,6.17,US,1731303946
527,biloela,-24.4167,150.5,306.04,35,64,7.94,AU,1731303947
528,la'ie,21.6477,-157.9253,298.81,79,14,2.24,US,1731303948
529,fort irwin,35.2627,-116.6848,278.89,21,0,0.0,US,1731303949
530,gilgit,35.9221,74.3087,285.35,61,91,6.1,PK,1731303855
531,mao,39.8885,4.2658,290.46,72,75,9.26,ES,1731303951
532,castillos,-34.1667,-53.8333,287.59,97,50,1.97,UY,1731303952
533,lompoc,34.6391,-120.4579,282.11,100,20,3.6,US,1731303953
534,itoman,26.1247,127.6694,301.36,83,20,6.17,JP,1731303954
535,martuk,50.7475,56.5056,268.79,77,40,5.03,KZ,1731303956
536,nikolayevsk-on-amure,53.1406,140.73,269.38,72,98,6.65,RU,1731303957
537,revda,56.801,59.9303,267.53,87,100,4.64,RU,1731303958
538,manadhoo,5.7667,73.3833,301.6,70,3,3.58,MV,1731303959
539,vila franca do campo,37.7167,-25.4333,294.38,99,81,6.28,PT,1731303960
540,severobaykal'sk,55.65,109.3167,266.65,75,69,1.56,RU,1731303961
541,inda silase,14.1031,38.2829,294.5,48,34,3.39,ET,1731303962
542,fulshear,29.69,-95.8997,293.76,96,100,1.54,US,1731303963
543,maamba,-17.3667,27.15,302.3,29,91,1.88,ZM,1731303964
544,adrar,20.5022,-10.0711,293.29,16,68,3.15,MR,1731303965
545,bethanie,-26.4833,17.15,287.52,49,0,2.43,NA,1731303966
546,ulsteinvik,62.3432,5.8487,283.01,79,100,3.13,NO,1731303968
547,jumla,29.2747,82.1838,288.32,37,3,2.9,NP,1731303969
548,loandjili,-4.7561,11.8578,297.58,91,100,2.57,CG,1731303970
549,north bend,43.4065,-124.2243,288.84,88,100,3.6,US,1731303971
550,santiago de cao,-7.9589,-79.2392,290.22,88,86,2.06,PE,1731303972
551,hell-ville,-13.4,48.2667,303.08,78,75,2.06,MG,1731303973
552,narasapur,16.45,81.6667,305.12,42,20,3.25,IN,1731303974
553,zurrieq,35.8311,14.4742,291.88,72,20,4.63,MT,1731303975
554,saint-joseph,-21.3667,55.6167,302.36,74,27,4.11,RE,1731303976
555,alotau,-10.3069,150.4462,301.13,77,100,2.66,PG,1731303977
556,tadine,-21.55,167.8833,297.66,72,7,6.21,NC,1731303978
557,zhaotong,27.3167,103.7167,288.6,73,78,2.39,CN,1731303980
558,bhawana,31.5692,72.649,302.81,27,3,3.11,PK,1731303981
559,francisco sa,-16.4758,-43.4883,293.61,84,90,3.58,BR,1731303982
560,santa flavia,38.085,13.5351,290.58,74,45,2.68,IT,1731303983
561,kitimat,54.0524,-128.6534,275.32,29,100,1.16,CA,1731303984
562,obihiro,42.9172,143.2044,288.82,59,28,7.55,JP,1731303971
563,belyy yar,53.6039,91.3903,276.09,70,0,7.0,RU,1731303986
564,santa cruz,-17.8,-63.1667,297.85,88,20,3.09,BO,1731303373
565,tofol,5.3248,163.0078,299.03,94,100,1.54,FM,1731303988
566,viet tri,21.3019,105.4308,304.18,40,62,0.58,VN,1731303691
567,stroitel',50.7854,36.4831,276.05,93,75,2.0,RU,1731303990
568,tindouf,27.6711,-8.1474,290.4,34,0,2.57,DZ,1731303992
569,sumbawa besar,-8.5,117.4333,306.19,55,79,3.9,ID,1731303993
570,howrah,22.5892,88.3103,303.15,58,40,3.6,IN,1731303994
571,tabuk,17.4189,121.4443,297.25,94,100,7.48,PH,1731303995
572,malango,-2.9627,119.9001,298.11,89,57,1.2,ID,1731303996
573,merizo village,13.2658,144.6691,302.46,89,100,6.02,GU,1731303997
574,arkhangel'sk,64.5401,40.5433,274.21,100,100,3.0,RU,1731303998
575,zhezqazghan,47.7833,67.7667,274.47,93,75,5.0,KZ,1731303999
576,at taraf,25.3628,49.725,298.45,40,7,2.01,SA,1731304000
577,nefta,33.8731,7.8777,290.29,63,0,1.29,TN,1731304001
578,guatire,10.4762,-66.5427,295.29,98,45,1.02,VE,1731304003
579,el nido,11.1858,119.3956,304.9,76,98,3.33,PH,1731304004
580,tabanan,-8.5413,115.1252,304.37,78,56,3.18,ID,1731304005
581,macusani,-14.0833,-70.4333,278.11,80,99,1.38,PE,1731304006
582,bengkulu,-3.8004,102.2655,300.83,81,88,2.56,ID,1731304007
583,bardai,11.65,7.2333,290.44,31,18,4.09,NG,1731304008
584,pacific grove,36.6177,-121.9166,285.97,86,0,2.57,US,1731304009
585,sao joaquim,-28.2939,-49.9317,284.31,98,1,1.46,BR,1731304010
586,morant bay,17.8815,-76.4093,298.93,84,51,1.66,JM,1731304011
587,la foa,-21.7108,165.8276,298.66,68,63,4.64,NC,1731304012
588,chela,34.069,104.4619,280.08,77,100,0.61,CN,1731304014
589,ghat,24.9647,10.1728,290.03,32,25,2.63,LY,1731304015
590,nasir,15.5894,32.5634,300.75,30,74,8.1,SD,1731304016
